Residue index,Chain index,Predicted MD fluctuation value
  19, A,5.346736
  20, A,2.919342
  21, A,2.131750
  22, A,2.118575
  23, A,2.244346
  24, A,2.180135
  25, A,2.087427
  26, A,2.138194
  27, A,2.195624
  28, A,2.933319
  29, A,2.900971
  30, A,2.230870
  31, A,2.488782
  32, A,2.683188
  33, A,2.486795
  34, A,2.357348
  35, A,2.431647
  36, A,3.277927
  37, A,3.329723
  38, A,2.438653
  39, A,2.499209
  40, A,2.270262
  41, A,2.433642
  42, A,2.368990
  43, A,2.745726
  44, A,3.169312
  45, A,2.722248
  46, A,3.586400
  47, A,4.188662
  48, A,2.939477
  49, A,3.646810
  50, A,2.392434
  51, A,2.401629
  52, A,2.179191
  53, A,2.090976
  54, A,2.486607
  55, A,2.350330
  56, A,2.651070
  57, A,3.275375
  58, A,3.620683
  59, A,4.230540
  60, A,4.736378
  61, A,3.612480
  62, A,1.998051
  63, A,1.969459
  64, A,2.115787
  65, A,2.704287
  66, A,2.367844
  67, A,2.428292
  68, A,2.319175
  69, A,2.836981
  70, A,2.424271
  71, A,2.951774
  72, A,2.191508
  73, A,2.174293
  74, A,2.190915
  75, A,2.366280
  76, A,2.451862
  77, A,2.896020
  78, A,3.651655
  79, A,3.327623
  80, A,2.437872
  81, A,2.726878
  82, A,2.488078
  83, A,2.345244
  84, A,2.174715
  85, A,2.722289
  86, A,3.751137
  87, A,3.539374
  88, A,3.142888
  89, A,2.979658
  90, A,3.198062
  91, A,2.569949
  92, A,2.289510
  93, A,1.865154
  94, A,2.221597
  95, A,2.189488
  96, A,2.247762
  97, A,2.772500
  98, A,3.032383
  99, A,2.297249
 100, A,4.740610
 101, A,4.047010
 102, A,3.380069
 103, A,2.176430
 104, A,2.073936
 105, A,2.166443
 106, A,2.279793
 107, A,2.159055
 108, A,2.206274
 109, A,2.551423
 110, A,3.007152
 111, A,2.892232
 112, A,2.762740
 113, A,3.398617
 114, A,2.298038
 115, A,2.439314
 116, A,3.177964
 117, A,2.614009
 118, A,2.011172
 119, A,2.265092
 120, A,3.122890
 121, A,3.291233
 122, A,2.513795
 123, A,2.547146
 124, A,2.221498
 125, A,2.510017
 126, A,2.377036
 127, A,2.011923
 128, A,2.828691
 129, A,3.171026
 130, A,2.001792
 131, A,3.010384
 132, A,3.329461
 133, A,4.269466
 134, A,3.098261
 135, A,3.132039
 136, A,2.713218
 137, A,2.741815
 138, A,2.634880
 139, A,2.283825
 140, A,2.559248
 141, A,2.515345
 142, A,2.733454
 143, A,3.401235
 144, A,3.508817
