Residue index,Chain index,Predicted MD fluctuation value
   1, B,15.846701
   2, B,15.963571
   3, B,14.567385
   4, B,14.623738
   5, B,14.595399
   6, B,14.899854
   7, B,14.887362
   8, B,15.122714
   9, B,16.356934
  10, B,16.121761
