Residue index,Chain index,Predicted MD fluctuation value
   1, B,16.419384
   2, B,16.153687
   3, B,15.234019
   4, B,14.404331
   5, B,15.303083
   6, B,14.805111
   7, B,14.842401
   8, B,15.132574
   9, B,16.727692
  10, B,16.987446
