Residue index,Chain index,Predicted MD fluctuation value
  46, A,12.926215
  47, A,10.634673
  48, A,8.908281
  49, A,8.090813
  50, A,7.658360
  51, A,7.312000
  52, A,6.972645
  53, A,6.756133
  54, A,6.221051
  55, A,5.889763
  56, A,5.955158
  57, A,5.565581
  58, A,5.257964
  59, A,5.337816
  60, A,5.266298
  61, A,4.927582
  62, A,4.999740
  63, A,4.982631
  64, A,4.788498
  65, A,4.150531
  66, A,4.581607
  67, A,4.403509
  68, A,3.849048
  69, A,3.728713
  70, A,4.146540
  71, A,3.886023
  72, A,4.010127
  73, A,3.991184
  74, A,4.356480
  75, A,4.287223
  76, A,3.038105
  77, A,4.788070
  78, A,5.090575
  79, A,4.329555
  80, A,4.716609
  81, A,6.579723
  82, A,5.752980
  83, A,5.438306
  84, A,4.293011
  85, A,3.875851
  86, A,3.906682
  87, A,5.185695
  88, A,4.940110
  89, A,5.365272
  90, A,5.851797
  91, A,5.816826
  92, A,7.313544
  93, A,5.209826
  94, A,5.769324
  95, A,5.405330
  96, A,5.903363
  97, A,7.590879
  98, A,7.864535
